1	Student Name 1	2
2	Student Name 2	4
3	Student Name 3	6
4	Student Name 4	8
5	Student Name 5	10
6	Student Name 6	12
7	Student Name 7	14
8	Student Name 8	16
9	Student Name 9	18
10	Student Name 10	20
11	Student Name 11	22
12	Student Name 12	24
13	Student Name 13	26
14	Student Name 14	28
15	Student Name 15	30
16	Student Name 16	32
17	Student Name 17	34
18	Student Name 18	36
19	Student Name 19	38
20	Student Name 20	40
21	Student Name 21	42
22	Student Name 22	44
23	Student Name 23	46
24	Student Name 24	48
25	Student Name 25	50
26	Student Name 26	52
27	Student Name 27	54
28	Student Name 28	56
29	Student Name 29	58
30	Student Name 30	60
31	Student Name 31	62
32	Student Name 32	64
33	Student Name 33	66
34	Student Name 34	68
35	Student Name 35	70
36	Student Name 36	72
37	Student Name 37	74
38	Student Name 38	76
39	Student Name 39	78
40	Student Name 40	80
41	Student Name 41	82
42	Student Name 42	84
43	Student Name 43	86
44	Student Name 44	88
45	Student Name 45	90
46	Student Name 46	92
47	Student Name 47	94
48	Student Name 48	96
49	Student Name 49	98
50	Student Name 50	100
